C (v/v)%,R,Cond (?S/cm),pH,C (v/v)%_centered,R_centered,Cond_centered,pH_centered,C (v/v)%_zscore,R_zscore,Cond_zscore,pH_zscore,C (v/v)%_minmax,R_minmax,Cond_minmax,pH_minmax,C (v/v)%_squared,R_squared,Cond_squared,pH_squared,C (v/v)%_cubed,R_cubed,Cond_cubed,pH_cubed,C (v/v)%_sqrt,R_sqrt,Cond_sqrt,pH_sqrt,C (v/v)%_ln1p,R_ln1p,Cond_ln1p,pH_ln1p,C (v/v)%_log10_1p,R_log10_1p,Cond_log10_1p,pH_log10_1p,C (v/v)%_reciprocal,R_reciprocal,Cond_reciprocal,pH_reciprocal,C (v/v)%_x_R,C (v/v)%_x_Cond,C (v/v)%_x_pH,R_x_Cond,R_x_pH,Cond_x_pH,C (v/v)%_div_R,C (v/v)%_div_Cond,C (v/v)%_div_pH,R_div_C (v/v)%,R_div_Cond,R_div_pH,Cond_div_C (v/v)%,Cond_div_R,Cond_div_pH,pH_div_C (v/v)%,pH_div_R,pH_div_Cond
0,1.33137,35.96,6.98,-23.9286,-0.0070,9.6740,-0.3340,-1.3095,-1.3021,1.2266,-1.1571,0.0000,0.0022,0.9939,0.0400,0.0000,1.7725,1293.1216,48.7204,0.0000,2.3599,46500.6527,340.0684,0.0000,1.1539,5.9967,2.6420,0.0000,0.8465,3.6098,2.0769,0.0000,0.3676,1.5677,0.9020,#N/A,0.7511,0.0278,0.1433,0.0000,0.0000,0.0000,47.8761,9.2930,251.0008,0.0000,0.0000,0.0000,#N/A,0.0370,0.1907,#N/A,27.0098,5.1519,#N/A,5.2427,0.1941
0,1.33134,36.08,6.97,-23.9286,-0.0071,9.7940,-0.3440,-1.3095,-1.3077,1.2419,-1.1917,0.0000,0.0000,1.0000,0.0267,0.0000,1.7725,1301.7664,48.5809,0.0000,2.3598,46967.7317,338.6089,0.0000,1.1538,6.0067,2.6401,0.0000,0.8464,3.6131,2.0757,0.0000,0.3676,1.5691,0.9015,#N/A,0.7511,0.0277,0.1435,0.0000,0.0000,0.0000,48.0347,9.2794,251.4776,0.0000,0.0000,0.0000,#N/A,0.0369,0.1910,#N/A,27.1005,5.1765,#N/A,5.2353,0.1932
0,1.33143,35.9,6.96,-23.9286,-0.0070,9.6140,-0.3540,-1.3095,-1.2910,1.2190,-1.2264,0.0000,0.0065,0.9909,0.0133,0.0000,1.7727,1288.8100,48.4416,0.0000,2.3602,46268.2790,337.1535,0.0000,1.1539,5.9917,2.6382,0.0000,0.8465,3.6082,2.0744,0.0000,0.3676,1.5670,0.9009,#N/A,0.7511,0.0279,0.1437,0.0000,0.0000,0.0000,47.7983,9.2668,249.8640,0.0000,0.0000,0.0000,#N/A,0.0371,0.1913,#N/A,26.9635,5.1580,#N/A,5.2275,0.1939
1,1.33176,35.69,7.01,-22.9286,-0.0066,9.4040,-0.3040,-1.2548,-1.2298,1.1924,-1.0532,0.0222,0.0301,0.9802,0.0800,1.0000,1.7736,1273.7761,49.1401,1.0000,2.3620,45461.0690,344.4721,1.0000,1.1540,5.9741,2.6476,0.6931,0.8466,3.6025,2.0807,0.3010,0.3677,1.5645,0.9036,1.0000,0.7509,0.0280,0.1427,1.3318,35.6900,7.0100,47.5305,9.3356,250.1869,0.7509,0.0280,0.1427,1.3318,0.0373,0.1900,35.6900,26.7991,5.0913,7.0100,5.2637,0.1964
1,1.33175,35.58,6.99,-22.9286,-0.0066,9.2940,-0.3240,-1.2548,-1.2317,1.1785,-1.1225,0.0222,0.0294,0.9747,0.0533,1.0000,1.7736,1265.9364,48.8601,1.0000,2.3619,45042.0171,341.5321,1.0000,1.1540,5.9649,2.6439,0.6931,0.8466,3.5995,2.0782,0.3010,0.3677,1.5632,0.9025,1.0000,0.7509,0.0281,0.1431,1.3318,35.5800,6.9900,47.3837,9.3089,248.7042,0.7509,0.0281,0.1431,1.3318,0.0374,0.1905,35.5800,26.7167,5.0901,6.9900,5.2487,0.1965
1,1.33179,35.72,6.98,-22.9286,-0.0066,9.4340,-0.3340,-1.2548,-1.2243,1.1962,-1.1571,0.0222,0.0323,0.9818,0.0400,1.0000,1.7737,1275.9184,48.7204,1.0000,2.3621,45575.8052,340.0684,1.0000,1.1540,5.9766,2.6420,0.6931,0.8466,3.6033,2.0769,0.3010,0.3677,1.5649,0.9020,1.0000,0.7509,0.0280,0.1433,1.3318,35.7200,6.9800,47.5715,9.2959,249.3256,0.7509,0.0280,0.1433,1.3318,0.0373,0.1908,35.7200,26.8210,5.1175,6.9800,5.2411,0.1954
1,1.33172,35.64,6.97,-22.9286,-0.0067,9.3540,-0.3440,-1.2548,-1.2372,1.1861,-1.1917,0.0222,0.0272,0.9777,0.0267,1.0000,1.7735,1270.2096,48.5809,1.0000,2.3618,45270.2701,338.6089,1.0000,1.1540,5.9699,2.6401,0.6931,0.8466,3.6011,2.0757,0.3010,0.3677,1.5640,0.9015,1.0000,0.7509,0.0281,0.1435,1.3317,35.6400,6.9700,47.4625,9.2821,248.4108,0.7509,0.0281,0.1435,1.3317,0.0374,0.1911,35.6400,26.7624,5.1133,6.9700,5.2338,0.1956
1,1.33178,35.55,6.96,-22.9286,-0.0066,9.2640,-0.3540,-1.2548,-1.2261,1.1747,-1.2264,0.0222,0.0315,0.9732,0.0133,1.0000,1.7736,1263.8025,48.4416,1.0000,2.3621,44928.1789,337.1535,1.0000,1.1540,5.9624,2.6382,0.6931,0.8466,3.5987,2.0744,0.3010,0.3677,1.5629,0.9009,1.0000,0.7509,0.0281,0.1437,1.3318,35.5500,6.9600,47.3448,9.2692,247.4280,0.7509,0.0281,0.1437,1.3318,0.0375,0.1913,35.5500,26.6936,5.1078,6.9600,5.2261,0.1958
1,1.33174,35.74,6.95,-22.9286,-0.0067,9.4540,-0.3640,-1.2548,-1.2335,1.1987,-1.2610,0.0222,0.0287,0.9828,0.0000,1.0000,1.7735,1277.3476,48.3025,1.0000,2.3619,45652.4032,335.7024,1.0000,1.1540,5.9783,2.6363,0.6931,0.8466,3.6039,2.0732,0.3010,0.3677,1.5651,0.9004,1.0000,0.7509,0.0280,0.1439,1.3317,35.7400,6.9500,47.5964,9.2556,248.3930,0.7509,0.0280,0.1439,1.3317,0.0373,0.1916,35.7400,26.8371,5.1424,6.9500,5.2187,0.1945
2,1.33205,35.35,7.02,-21.9286,-0.0063,9.0640,-0.2940,-1.2001,-1.1761,1.1493,-1.0185,0.0444,0.0509,0.9630,0.0933,4.0000,1.7744,1249.6225,49.2804,8.0000,2.3635,44174.1554,345.9484,1.4142,1.1541,5.9456,2.6495,1.0986,0.8467,3.5932,2.0819,0.4771,0.3677,1.5605,0.9042,0.5000,0.7507,0.0283,0.1425,2.6641,70.7000,14.0400,47.0880,9.3510,248.1570,1.5014,0.0566,0.2849,0.6660,0.0377,0.1898,17.6750,26.5380,5.0356,3.5100,5.2701,0.1986
2,1.33207,35.27,7,-21.9286,-0.0063,8.9840,-0.3140,-1.2001,-1.1724,1.1391,-1.0878,0.0444,0.0523,0.9590,0.0667,4.0000,1.7744,1243.9729,49.0000,8.0000,2.3636,43874.9242,343.0000,1.4142,1.1542,5.9389,2.6458,1.0986,0.8468,3.5910,2.0794,0.4771,0.3677,1.5595,0.9031,0.5000,0.7507,0.0284,0.1429,2.6641,70.5400,14.0000,46.9821,9.3245,246.8900,1.5014,0.0567,0.2857,0.6660,0.0378,0.1903,17.6350,26.4776,5.0386,3.5000,5.2550,0.1985
2,1.3321,35.42,6.99,-21.9286,-0.0063,9.1340,-0.3240,-1.2001,-1.1668,1.1582,-1.1225,0.0444,0.0545,0.9666,0.0533,4.0000,1.7745,1254.5764,48.8601,8.0000,2.3638,44437.0961,341.5321,1.4142,1.1542,5.9515,2.6439,1.0986,0.8468,3.5951,2.0782,0.4771,0.3677,1.5613,0.9025,0.5000,0.7507,0.0282,0.1431,2.6642,70.8400,13.9800,47.1830,9.3114,247.5858,1.5014,0.0565,0.2861,0.6661,0.0376,0.1906,17.7100,26.5896,5.0672,3.4950,5.2474,0.1973
2,1.33204,35.31,6.98,-21.9286,-0.0064,9.0240,-0.3340,-1.2001,-1.1779,1.1442,-1.1571,0.0444,0.0502,0.9610,0.0400,4.0000,1.7743,1246.7961,48.7204,8.0000,2.3635,44024.3703,340.0684,1.4142,1.1541,5.9422,2.6420,1.0986,0.8467,3.5921,2.0769,0.4771,0.3677,1.5600,0.9020,0.5000,0.7507,0.0283,0.1433,2.6641,70.6200,13.9600,47.0343,9.2976,246.4638,1.5015,0.0566,0.2865,0.6660,0.0377,0.1908,17.6550,26.5082,5.0587,3.4900,5.2401,0.1977
2,1.33209,35.38,6.97,-21.9286,-0.0063,9.0940,-0.3440,-1.2001,-1.1687,1.1531,-1.1917,0.0444,0.0538,0.9645,0.0267,4.0000,1.7745,1251.7444,48.5809,8.0000,2.3637,44286.7169,338.6089,1.4142,1.1542,5.9481,2.6401,1.0986,0.8468,3.5940,2.0757,0.4771,0.3677,1.5609,0.9015,0.5000,0.7507,0.0283,0.1435,2.6642,70.7600,13.9400,47.1293,9.2847,246.5986,1.5014,0.0565,0.2869,0.6660,0.0377,0.1911,17.6900,26.5598,5.0760,3.4850,5.2324,0.1970
2,1.33208,35.24,6.96,-21.9286,-0.0063,8.9540,-0.3540,-1.2001,-1.1705,1.1353,-1.2264,0.0444,0.0530,0.9574,0.0133,4.0000,1.7744,1241.8576,48.4416,8.0000,2.3637,43763.0618,337.1535,1.4142,1.1542,5.9363,2.6382,1.0986,0.8468,3.5902,2.0744,0.4771,0.3677,1.5592,0.9009,0.5000,0.7507,0.0284,0.1437,2.6642,70.4800,13.9200,46.9425,9.2713,245.2704,1.5014,0.0568,0.2874,0.6660,0.0378,0.1914,17.6200,26.4549,5.0632,3.4800,5.2249,0.1975
3,1.33209,35.01,7.03,-20.9286,-0.0063,8.7240,-0.2840,-1.1453,-1.1687,1.1062,-0.9839,0.0667,0.0538,0.9458,0.1067,9.0000,1.7745,1225.7001,49.4209,27.0000,2.3637,42911.7605,347.4289,1.7321,1.1542,5.9169,2.6514,1.3863,0.8468,3.5838,2.0832,0.6021,0.3677,1.5564,0.9047,0.3333,0.7507,0.0286,0.1422,3.9963,105.0300,21.0900,46.6365,9.3646,246.1203,2.2521,0.0857,0.4267,0.4440,0.0380,0.1895,11.6700,26.2820,4.9801,2.3433,5.2774,0.2008
3,1.33213,34.94,7.01,-20.9286,-0.0063,8.6540,-0.3040,-1.1453,-1.1612,1.0973,-1.0532,0.0667,0.0566,0.9422,0.0800,9.0000,1.7746,1220.8036,49.1401,27.0000,2.3640,42654.8778,344.4721,1.7321,1.1542,5.9110,2.6476,1.3863,0.8468,3.5819,2.0807,0.6021,0.3678,1.5556,0.9036,0.3333,0.7507,0.0286,0.1427,3.9964,104.8200,21.0300,46.5446,9.3382,244.9294,2.2520,0.0859,0.4280,0.4440,0.0381,0.1900,11.6467,26.2287,4.9843,2.3367,5.2622,0.2006
3,1.33214,35.08,7,-20.9286,-0.0063,8.7940,-0.3140,-1.1453,-1.1594,1.1151,-1.0878,0.0667,0.0573,0.9493,0.0667,9.0000,1.7746,1230.6064,49.0000,27.0000,2.3640,43169.6725,343.0000,1.7321,1.1542,5.9228,2.6458,1.3863,0.8468,3.5857,2.0794,0.6021,0.3678,1.5573,0.9031,0.3333,0.7507,0.0285,0.1429,3.9964,105.2400,21.0000,46.7315,9.3250,245.5600,2.2520,0.0855,0.4286,0.4440,0.0380,0.1903,11.6933,26.3336,5.0114,2.3333,5.2547,0.1995
3,1.33212,34.99,6.99,-20.9286,-0.0063,8.7040,-0.3240,-1.1453,-1.1631,1.1036,-1.1225,0.0667,0.0559,0.9448,0.0533,9.0000,1.7745,1224.3001,48.8601,27.0000,2.3639,42838.2605,341.5321,1.7321,1.1542,5.9152,2.6439,1.3863,0.8468,3.5832,2.0782,0.6021,0.3678,1.5562,0.9025,0.3333,0.7507,0.0286,0.1431,3.9964,104.9700,20.9700,46.6109,9.3115,244.5801,2.2520,0.0857,0.4292,0.4440,0.0381,0.1906,11.6633,26.2664,5.0057,2.3300,5.2473,0.1998
3,1.33215,34.91,6.98,-20.9286,-0.0062,8.6240,-0.3340,-1.1453,-1.1575,1.0935,-1.1571,0.0667,0.0581,0.9407,0.0400,9.0000,1.7746,1218.7081,48.7204,27.0000,2.3641,42545.0998,340.0684,1.7321,1.1542,5.9085,2.6420,1.3863,0.8468,3.5810,2.0769,0.6021,0.3678,1.5552,0.9020,0.3333,0.7507,0.0286,0.1433,3.9965,104.7300,20.9400,46.5054,9.2984,243.6718,2.2520,0.0859,0.4298,0.4441,0.0382,0.1909,11.6367,26.2058,5.0014,2.3267,5.2397,0.1999
3,1.33211,35.05,6.97,-20.9286,-0.0063,8.7640,-0.3440,-1.1453,-1.1649,1.1113,-1.1917,0.0667,0.0552,0.9478,0.0267,9.0000,1.7745,1228.5025,48.5809,27.0000,2.3639,43059.0126,338.6089,1.7321,1.1542,5.9203,2.6401,1.3863,0.8468,3.5849,2.0757,0.6021,0.3677,1.5569,0.9015,0.3333,0.7507,0.0285,0.1435,3.9963,105.1500,20.9100,46.6905,9.2848,244.2985,2.2521,0.0856,0.4304,0.4440,0.0380,0.1911,11.6833,26.3116,5.0287,2.3233,5.2323,0.1989
4,1.33209,34.71,7.04,-19.9286,-0.0063,8.4240,-0.2740,-1.0906,-1.1687,1.0681,-0.9493,0.0889,0.0538,0.9306,0.1200,16.0000,1.7745,1204.7841,49.5616,64.0000,2.3637,41818.0561,348.9137,2.0000,1.1542,5.8915,2.6533,1.6094,0.8468,3.5754,2.0844,0.6990,0.3677,1.5528,0.9053,0.2500,0.7507,0.0288,0.1420,5.3284,138.8400,28.1600,46.2368,9.3779,244.3584,3.0028,0.1152,0.5682,0.3330,0.0384,0.1892,8.6775,26.0568,4.9304,1.7600,5.2849,0.2028
4,1.33211,34.63,7.02,-19.9286,-0.0063,8.3440,-0.2940,-1.0906,-1.1649,1.0580,-1.0185,0.0889,0.0552,0.9265,0.0933,16.0000,1.7745,1199.2369,49.2804,64.0000,2.3639,41529.5738,345.9484,2.0000,1.1542,5.8847,2.6495,1.6094,0.8468,3.5732,2.0819,0.6990,0.3677,1.5518,0.9042,0.2500,0.7507,0.0289,0.1425,5.3284,138.5200,28.0800,46.1310,9.3514,243.1026,3.0028,0.1155,0.5698,0.3330,0.0385,0.1898,8.6575,25.9964,4.9330,1.7550,5.2698,0.2027
4,1.33199,34.77,7.01,-19.9286,-0.0064,8.4840,-0.3040,-1.0906,-1.1872,1.0758,-1.0532,0.0889,0.0466,0.9336,0.0800,16.0000,1.7742,1208.9529,49.1401,64.0000,2.3632,42035.2923,344.4721,2.0000,1.1541,5.8966,2.6476,1.6094,0.8467,3.5771,2.0807,0.6990,0.3677,1.5535,0.9036,0.2500,0.7508,0.0288,0.1427,5.3280,139.0800,28.0400,46.3133,9.3372,243.7377,3.0030,0.1150,0.5706,0.3330,0.0383,0.1900,8.6925,26.1038,4.9601,1.7525,5.2628,0.2016
4,1.33203,34.68,7,-19.9286,-0.0064,8.3940,-0.3140,-1.0906,-1.1798,1.0643,-1.0878,0.0889,0.0495,0.9291,0.0667,16.0000,1.7743,1202.7024,49.0000,64.0000,2.3634,41709.7192,343.0000,2.0000,1.1541,5.8890,2.6458,1.6094,0.8467,3.5746,2.0794,0.6990,0.3677,1.5524,0.9031,0.2500,0.7507,0.0288,0.1429,5.3281,138.7200,28.0000,46.1948,9.3242,242.7600,3.0029,0.1153,0.5714,0.3330,0.0384,0.1903,8.6700,26.0354,4.9543,1.7500,5.2551,0.2018
4,1.33207,34.75,6.99,-19.9286,-0.0063,8.4640,-0.3240,-1.0906,-1.1724,1.0732,-1.1225,0.0889,0.0523,0.9326,0.0533,16.0000,1.7744,1207.5625,48.8601,64.0000,2.3636,41962.7969,341.5321,2.0000,1.1542,5.8949,2.6439,1.6094,0.8468,3.5766,2.0782,0.6990,0.3677,1.5533,0.9025,0.2500,0.7507,0.0288,0.1431,5.3283,139.0000,27.9600,46.2894,9.3112,242.9025,3.0028,0.1151,0.5722,0.3330,0.0383,0.1906,8.6875,26.0872,4.9714,1.7475,5.2475,0.2012
4,1.33201,34.6,6.98,-19.9286,-0.0064,8.3140,-0.3340,-1.0906,-1.1835,1.0542,-1.1571,0.0889,0.0480,0.9250,0.0400,16.0000,1.7743,1197.1600,48.7204,64.0000,2.3633,41421.7360,340.0684,2.0000,1.1541,5.8822,2.6420,1.6094,0.8467,3.5723,2.0769,0.6990,0.3677,1.5514,0.9020,0.2500,0.7507,0.0289,0.1433,5.3280,138.4000,27.9200,46.0875,9.2974,241.5080,3.0030,0.1156,0.5731,0.3330,0.0385,0.1908,8.6500,25.9758,4.9570,1.7450,5.2402,0.2017
5,1.3326,34.33,7.03,-18.9286,-0.0058,8.0440,-0.2840,-1.0359,-1.0741,1.0200,-0.9839,0.1111,0.0903,0.9113,0.1067,25.0000,1.7758,1178.5489,49.4209,125.0000,2.3665,40459.5837,347.4289,2.2361,1.1544,5.8592,2.6514,1.7918,0.8470,3.5647,2.0832,0.7782,0.3678,1.5481,0.9047,0.2000,0.7504,0.0291,0.1422,6.6630,171.6500,35.1500,45.7482,9.3682,241.3399,3.7521,0.1456,0.7112,0.2665,0.0388,0.1896,6.8660,25.7617,4.8834,1.4060,5.2754,0.2048
5,1.33258,34.51,7.02,-18.9286,-0.0058,8.2240,-0.2940,-1.0359,-1.0778,1.0428,-1.0185,0.1111,0.0889,0.9205,0.0933,25.0000,1.7758,1190.9401,49.2804,125.0000,2.3664,41099.3429,345.9484,2.2361,1.1544,5.8745,2.6495,1.7918,0.8470,3.5698,2.0819,0.7782,0.3678,1.5504,0.9042,0.2000,0.7504,0.0290,0.1425,6.6629,172.5500,35.1000,45.9873,9.3547,242.2602,3.7521,0.1449,0.7123,0.2665,0.0386,0.1898,6.9020,25.8971,4.9160,1.4040,5.2680,0.2034
5,1.33264,34.39,7.01,-18.9286,-0.0058,8.1040,-0.3040,-1.0359,-1.0667,1.0276,-1.0532,0.1111,0.0932,0.9144,0.0800,25.0000,1.7759,1182.6721,49.1401,125.0000,2.3667,40672.0935,344.4721,2.2361,1.1544,5.8643,2.6476,1.7918,0.8470,3.5664,2.0807,0.7782,0.3678,1.5489,0.9036,0.2000,0.7504,0.0291,0.1427,6.6632,171.9500,35.0500,45.8295,9.3418,241.0739,3.7520,0.1454,0.7133,0.2665,0.0388,0.1901,6.8780,25.8059,4.9058,1.4020,5.2602,0.2038
10,1.33476,32.82,7.08,-13.9286,-0.0036,6.5340,-0.2340,-0.7623,-0.6737,0.8285,-0.8107,0.2222,0.2452,0.8349,0.1733,100.0000,1.7816,1077.1524,50.1264,1000.0000,2.3780,35352.1418,354.8949,3.1623,1.1553,5.7289,2.6608,2.3979,0.8479,3.5211,2.0894,1.0414,0.3682,1.5292,0.9074,0.1000,0.7492,0.0305,0.1412,13.3476,328.2000,70.8000,43.8068,9.4501,232.3656,7.4920,0.3047,1.4124,0.1335,0.0407,0.1885,3.2820,24.5887,4.6356,0.7080,5.3043,0.2157
10,1.33415,32.73,7.07,-13.9286,-0.0042,6.4440,-0.2440,-0.7623,-0.7868,0.8171,-0.8453,0.2222,0.2014,0.8303,0.1600,100.0000,1.7800,1071.2529,49.9849,1000.0000,2.3747,35062.1074,353.3932,3.1623,1.1551,5.7210,2.6589,2.3979,0.8476,3.5184,2.0882,1.0414,0.3681,1.5280,0.9069,0.1000,0.7495,0.0306,0.1414,13.3415,327.3000,70.7000,43.6667,9.4324,231.4011,7.4954,0.3055,1.4144,0.1334,0.0408,0.1887,3.2730,24.5325,4.6294,0.7070,5.2993,0.2160
10,1.33415,32.9,7.06,-13.9286,-0.0042,6.6140,-0.2540,-0.7623,-0.7868,0.8386,-0.8800,0.2222,0.2014,0.8389,0.1467,100.0000,1.7800,1082.4100,49.8436,1000.0000,2.3747,35611.2890,351.8958,3.1623,1.1551,5.7359,2.6571,2.3979,0.8476,3.5234,2.0869,1.0414,0.3681,1.5302,0.9063,0.1000,0.7495,0.0304,0.1416,13.3415,329.0000,70.6000,43.8935,9.4191,232.2740,7.4954,0.3040,1.4164,0.1334,0.0406,0.1890,3.2900,24.6599,4.6601,0.7060,5.2918,0.2146
15,1.33555,31.16,7.13,-8.9286,-0.0028,4.8740,-0.1840,-0.4886,-0.5273,0.6180,-0.6375,0.3333,0.3018,0.7508,0.2400,225.0000,1.7837,970.9456,50.8369,3375.0000,2.3822,30254.6649,362.4671,3.8730,1.1557,5.5821,2.6702,2.7726,0.8482,3.4707,2.0956,1.2041,0.3684,1.5073,0.9101,0.0667,0.7488,0.0321,0.1403,20.0333,467.4000,106.9500,41.6157,9.5225,222.1708,11.2313,0.4814,2.1038,0.0890,0.0429,0.1873,2.0773,23.3312,4.3703,0.4753,5.3386,0.2288
15,1.33607,31.08,7.12,-8.9286,-0.0023,4.7940,-0.1940,-0.4886,-0.4309,0.6079,-0.6722,0.3333,0.3391,0.7467,0.2267,225.0000,1.7851,965.9664,50.6944,3375.0000,2.3850,30022.2357,360.9441,3.8730,1.1559,5.5749,2.6683,2.7726,0.8485,3.4682,2.0943,1.2041,0.3685,1.5062,0.9096,0.0667,0.7485,0.0322,0.1404,20.0411,466.2000,106.8000,41.5251,9.5128,221.2896,11.2270,0.4826,2.1067,0.0891,0.0430,0.1877,2.0720,23.2623,4.3652,0.4747,5.3291,0.2291
15,1.3361,31.24,7.11,-8.9286,-0.0023,4.9540,-0.2040,-0.4886,-0.4253,0.6282,-0.7068,0.3333,0.3412,0.7548,0.2133,225.0000,1.7852,975.9376,50.5521,3375.0000,2.3852,30488.2906,359.4254,3.8730,1.1559,5.5893,2.6665,2.7726,0.8485,3.4732,2.0931,1.2041,0.3685,1.5084,0.9090,0.0667,0.7484,0.0320,0.1406,20.0415,468.6000,106.6500,41.7398,9.4997,222.1164,11.2267,0.4802,2.1097,0.0891,0.0428,0.1879,2.0827,23.3815,4.3938,0.4740,5.3215,0.2276
20,1.33731,29.37,7.18,-3.9286,-0.0011,3.0840,-0.1340,-0.2150,-0.2011,0.3910,-0.4643,0.4444,0.4280,0.6601,0.3067,400.0000,1.7884,862.5969,51.5524,8000.0000,2.3916,25334.4710,370.1462,4.4721,1.1564,5.4194,2.6796,3.0445,0.8490,3.4135,2.1017,1.3222,0.3687,1.4824,0.9128,0.0500,0.7478,0.0340,0.1393,26.7462,587.4000,143.6000,39.2768,9.6019,210.8766,14.9554,0.6810,2.7855,0.0669,0.0455,0.1863,1.4685,21.9620,4.0905,0.3590,5.3690,0.2445
20,1.33783,29.29,7.17,-3.9286,-0.0006,3.0040,-0.1440,-0.2150,-0.1047,0.3809,-0.4990,0.4444,0.4652,0.6560,0.2933,400.0000,1.7898,857.9041,51.4089,8000.0000,2.3944,25128.0111,368.6018,4.4721,1.1566,5.4120,2.6777,3.0445,0.8492,3.4108,2.1005,1.3222,0.3688,1.4813,0.9122,0.0500,0.7475,0.0341,0.1395,26.7566,585.8000,143.4000,39.1850,9.5922,210.0093,14.9496,0.6828,2.7894,0.0669,0.0457,0.1866,1.4645,21.8937,4.0851,0.3585,5.3594,0.2448
20,1.33794,29.45,7.16,-3.9286,-0.0005,3.1640,-0.1540,-0.2150,-0.0843,0.4012,-0.5336,0.4444,0.4731,0.6641,0.2800,400.0000,1.7901,867.3025,51.2656,8000.0000,2.3950,25542.0586,367.0617,4.4721,1.1567,5.4268,2.6758,3.0445,0.8493,3.4161,2.0992,1.3222,0.3688,1.4836,0.9117,0.0500,0.7474,0.0340,0.1397,26.7588,589.0000,143.2000,39.4023,9.5797,210.8620,14.9484,0.6791,2.7933,0.0669,0.0454,0.1869,1.4725,22.0115,4.1131,0.3580,5.3515,0.2431
25,1.33908,27.33,7.28,1.0714,0.0007,1.0440,-0.0340,0.0586,0.1270,0.1324,-0.1179,0.5556,0.5548,0.5567,0.4400,625.0000,1.7931,746.9289,52.9984,15625.0000,2.4012,20413.5668,385.8284,5.0000,1.1572,5.2278,2.6981,3.2581,0.8498,3.3439,2.1138,1.4150,0.3690,1.4522,0.9180,0.0400,0.7468,0.0366,0.1374,33.4770,683.2500,182.0000,36.5971,9.7485,198.9624,18.6695,0.9147,3.4341,0.0536,0.0490,0.1839,1.0932,20.4095,3.7541,0.2912,5.4366,0.2664
25,1.33954,27.26,7.27,1.0714,0.0011,0.9740,-0.0440,0.0586,0.2123,0.1235,-0.1526,0.5556,0.5878,0.5532,0.4267,625.0000,1.7944,743.1076,52.8529,15625.0000,2.4036,20257.1132,384.2406,5.0000,1.1574,5.2211,2.6963,3.2581,0.8500,3.3414,2.1126,1.4150,0.3691,1.4512,0.9175,0.0400,0.7465,0.0367,0.1376,33.4885,681.5000,181.7500,36.5159,9.7385,198.1802,18.6631,0.9171,3.4388,0.0536,0.0491,0.1843,1.0904,20.3503,3.7497,0.2908,5.4272,0.2667
25,1.33942,27.41,7.26,1.0714,0.0010,1.1240,-0.0540,0.0586,0.1901,0.1425,-0.1872,0.5556,0.5792,0.5608,0.4133,625.0000,1.7940,751.3081,52.7076,15625.0000,2.4030,20593.3550,382.6572,5.0000,1.1573,5.2355,2.6944,3.2581,0.8499,3.3467,2.1114,1.4150,0.3691,1.4535,0.9170,0.0400,0.7466,0.0365,0.1377,33.4855,685.2500,181.5000,36.7135,9.7242,198.9966,18.6648,0.9121,3.4435,0.0536,0.0489,0.1845,1.0964,20.4641,3.7755,0.2904,5.4203,0.2649
30,1.3406,25.09,7.38,6.0714,0.0022,-1.1960,0.0660,0.3323,0.4088,-0.1516,0.2284,0.6667,0.6638,0.4433,0.5733,900.0000,1.7972,629.5081,54.4644,27000.0000,2.4093,15794.3582,401.9473,5.4772,1.1578,5.0090,2.7166,3.4340,0.8504,3.2616,2.1258,1.4914,0.3693,1.4165,0.9232,0.0333,0.7459,0.0399,0.1355,40.2180,752.7000,221.4000,33.6357,9.8936,185.1642,22.3780,1.1957,4.0650,0.0447,0.0534,0.1817,0.8363,18.7155,3.3997,0.2460,5.5050,0.2941
30,1.34083,24.98,7.37,6.0714,0.0024,-1.3060,0.0560,0.3323,0.4514,-0.1656,0.1938,0.6667,0.6803,0.4377,0.5600,900.0000,1.7978,624.0004,54.3169,27000.0000,2.4106,15587.5300,400.3156,5.4772,1.1579,4.9980,2.7148,3.4340,0.8505,3.2573,2.1247,1.4914,0.3694,1.4146,0.9227,0.0333,0.7458,0.0400,0.1357,40.2249,749.4000,221.1000,33.4939,9.8819,184.1026,22.3742,1.2010,4.0706,0.0447,0.0537,0.1819,0.8327,18.6303,3.3894,0.2457,5.4966,0.2950
30,1.34049,25.05,7.36,6.0714,0.0021,-1.2360,0.0460,0.3323,0.3884,-0.1567,0.1592,0.6667,0.6559,0.4412,0.5467,900.0000,1.7969,627.5025,54.1696,27000.0000,2.4087,15718.9376,398.6883,5.4772,1.1578,5.0050,2.7129,3.4340,0.8504,3.2600,2.1235,1.4914,0.3693,1.4158,0.9222,0.0333,0.7460,0.0399,0.1359,40.2147,751.5000,220.8000,33.5793,9.8660,184.3680,22.3799,1.1976,4.0761,0.0447,0.0535,0.1821,0.8350,18.6872,3.4035,0.2453,5.4905,0.2938
35,1.34274,22.49,7.48,11.0714,0.0043,-3.7960,0.1660,0.6059,0.8055,-0.4813,0.5748,0.7778,0.8172,0.3116,0.7067,1225.0000,1.8030,505.8001,55.9504,42875.0000,2.4209,11375.4442,418.5090,5.9161,1.1588,4.7424,2.7350,3.5835,0.8513,3.1566,2.1377,1.5563,0.3697,1.3709,0.9284,0.0286,0.7447,0.0445,0.1337,46.9959,787.1500,261.8000,30.1982,10.0437,168.2252,26.0661,1.5562,4.6791,0.0384,0.0597,0.1795,0.6426,16.7493,3.0067,0.2137,5.5707,0.3326
35,1.34251,22.38,7.47,11.0714,0.0041,-3.9060,0.1560,0.6059,0.7628,-0.4953,0.5402,0.7778,0.8007,0.3060,0.6933,1225.0000,1.8023,500.8644,55.8009,42875.0000,2.4197,11209.3453,416.8327,5.9161,1.1587,4.7308,2.7331,3.5835,0.8512,3.1519,2.1365,1.5563,0.3697,1.3688,0.9279,0.0286,0.7449,0.0447,0.1339,46.9879,783.3000,261.4500,30.0454,10.0285,167.1786,26.0706,1.5639,4.6854,0.0384,0.0600,0.1797,0.6394,16.6703,2.9960,0.2134,5.5642,0.3338
35,1.34177,22.45,7.46,11.0714,0.0034,-3.8360,0.1460,0.6059,0.6257,-0.4864,0.5056,0.7778,0.7477,0.3095,0.6800,1225.0000,1.8003,504.0025,55.6516,42875.0000,2.4157,11314.8561,415.1609,5.9161,1.1583,4.7381,2.7313,3.5835,0.8509,3.1549,2.1353,1.5563,0.3695,1.3701,0.9274,0.0286,0.7453,0.0445,0.1340,46.9620,785.7500,261.1000,30.1227,10.0096,167.4770,26.0849,1.5590,4.6917,0.0383,0.0598,0.1799,0.6414,16.7316,3.0094,0.2131,5.5598,0.3323
40,1.34337,19.56,7.6,16.0714,0.0050,-6.7260,0.2860,0.8795,0.9223,-0.8528,0.9905,0.8889,0.8624,0.1631,0.8667,1600.0000,1.8046,382.5936,57.7600,64000.0000,2.4243,7483.5308,438.9760,6.3246,1.1590,4.4227,2.7568,3.7136,0.8516,3.0233,2.1518,1.6128,0.3698,1.3130,0.9345,0.0250,0.7444,0.0511,0.1316,53.7348,782.4000,304.0000,26.2763,10.2096,148.6560,29.7759,2.0450,5.2632,0.0336,0.0687,0.1768,0.4890,14.5604,2.5737,0.1900,5.6574,0.3885
40,1.34458,19.49,7.58,16.0714,0.0062,-6.7960,0.2660,0.8795,1.1465,-0.8617,0.9212,0.8889,0.9491,0.1596,0.8400,1600.0000,1.8079,379.8601,57.4564,64000.0000,2.4309,7403.4733,435.5195,6.3246,1.1596,4.4147,2.7532,3.7136,0.8521,3.0199,2.1494,1.6128,0.3701,1.3115,0.9335,0.0250,0.7437,0.0513,0.1319,53.7832,779.6000,303.2000,26.2059,10.1919,147.7342,29.7491,2.0523,5.2770,0.0336,0.0690,0.1774,0.4873,14.4952,2.5712,0.1895,5.6374,0.3889
40,1.34462,19.64,7.57,16.0714,0.0062,-6.6460,0.2560,0.8795,1.1540,-0.8427,0.8866,0.8889,0.9520,0.1672,0.8267,1600.0000,1.8080,385.7296,57.3049,64000.0000,2.4311,7575.7293,433.7981,6.3246,1.1596,4.4317,2.7514,3.7136,0.8521,3.0272,2.1483,1.6128,0.3701,1.3147,0.9330,0.0250,0.7437,0.0509,0.1321,53.7848,785.6000,302.8000,26.4083,10.1788,148.6748,29.7482,2.0367,5.2840,0.0336,0.0685,0.1776,0.4910,14.6064,2.5945,0.1893,5.6298,0.3854
40,1.34351,19.53,7.56,16.0714,0.0051,-6.7560,0.2460,0.8795,0.9482,-0.8566,0.8519,0.8889,0.8724,0.1616,0.8133,1600.0000,1.8050,381.4209,57.1536,64000.0000,2.4251,7449.1502,432.0812,6.3246,1.1591,4.4193,2.7495,3.7136,0.8516,3.0219,2.1471,1.6128,0.3699,1.3124,0.9325,0.0250,0.7443,0.0512,0.1323,53.7404,781.2000,302.4000,26.2388,10.1569,147.6468,29.7728,2.0481,5.2910,0.0336,0.0688,0.1777,0.4883,14.5365,2.5833,0.1890,5.6271,0.3871
40,1.34463,19.6,7.55,16.0714,0.0062,-6.6860,0.2360,0.8795,1.1558,-0.8478,0.8173,0.8889,0.9527,0.1651,0.8000,1600.0000,1.8080,384.1600,57.0025,64000.0000,2.4311,7529.5360,430.3689,6.3246,1.1596,4.4272,2.7477,3.7136,0.8521,3.0253,2.1459,1.6128,0.3701,1.3139,0.9320,0.0250,0.7437,0.0510,0.1325,53.7852,784.0000,302.0000,26.3547,10.1520,147.9800,29.7480,2.0408,5.2980,0.0336,0.0686,0.1781,0.4900,14.5765,2.5960,0.1888,5.6149,0.3852
40,1.34459,19.44,7.54,16.0714,0.0062,-6.8460,0.2260,0.8795,1.1484,-0.8680,0.7827,0.8889,0.9498,0.1570,0.7867,1600.0000,1.8079,377.9136,56.8516,64000.0000,2.4309,7346.6404,428.6611,6.3246,1.1596,4.4091,2.7459,3.7136,0.8521,3.0175,2.1448,1.6128,0.3701,1.3105,0.9315,0.0250,0.7437,0.0514,0.1326,53.7836,777.6000,301.6000,26.1388,10.1382,146.5776,29.7488,2.0576,5.3050,0.0336,0.0692,0.1783,0.4860,14.4579,2.5782,0.1885,5.6077,0.3879
41,1.34234,18.96,7.62,17.0714,0.0039,-7.3260,0.3060,0.9342,0.7313,-0.9289,1.0598,0.9111,0.7885,0.1327,0.8933,1681.0000,1.8019,359.4816,58.0644,68921.0000,2.4187,6815.7711,442.4507,6.4031,1.1586,4.3543,2.7604,3.7377,0.8512,2.9937,2.1541,1.6232,0.3696,1.3002,0.9355,0.0244,0.7450,0.0527,0.1312,55.0359,777.3600,312.4200,25.4508,10.2286,144.4752,30.5437,2.1624,5.3806,0.0327,0.0708,0.1762,0.4624,14.1246,2.4882,0.1859,5.6767,0.4019
41,1.34266,18.89,7.6,17.0714,0.0043,-7.3960,0.2860,0.9342,0.7906,-0.9378,0.9905,0.9111,0.8115,0.1292,0.8667,1681.0000,1.8027,356.8321,57.7600,68921.0000,2.4205,6740.5584,438.9760,6.4031,1.1587,4.3463,2.7568,3.7377,0.8513,2.9902,2.1518,1.6232,0.3697,1.2986,0.9345,0.0244,0.7448,0.0529,0.1316,55.0491,774.4900,311.6000,25.3628,10.2042,143.5640,30.5364,2.1705,5.3947,0.0327,0.0711,0.1767,0.4607,14.0691,2.4855,0.1854,5.6604,0.4023
41,1.34234,19.04,7.59,17.0714,0.0039,-7.2460,0.2760,0.9342,0.7313,-0.9188,0.9559,0.9111,0.7885,0.1368,0.8533,1681.0000,1.8019,362.5216,57.6081,68921.0000,2.4187,6902.4113,437.2455,6.4031,1.1586,4.3635,2.7550,3.7377,0.8512,2.9977,2.1506,1.6232,0.3696,1.3019,0.9340,0.0244,0.7450,0.0525,0.1318,55.0359,780.6400,311.1900,25.5582,10.1884,144.5136,30.5437,2.1534,5.4018,0.0327,0.0705,0.1769,0.4644,14.1842,2.5086,0.1851,5.6543,0.3986
41,1.34248,18.93,7.58,17.0714,0.0041,-7.3560,0.2660,0.9342,0.7573,-0.9327,0.9212,0.9111,0.7986,0.1312,0.8400,1681.0000,1.8023,358.3449,57.4564,68921.0000,2.4195,6783.4690,435.5195,6.4031,1.1587,4.3509,2.7532,3.7377,0.8512,2.9922,2.1494,1.6232,0.3697,1.2995,0.9335,0.0244,0.7449,0.0528,0.1319,55.0417,776.1300,310.7800,25.4131,10.1760,143.4894,30.5405,2.1659,5.4090,0.0327,0.0709,0.1771,0.4617,14.1008,2.4974,0.1849,5.6463,0.4004
41,1.34271,19,7.57,17.0714,0.0043,-7.2860,0.2560,0.9342,0.7999,-0.9238,0.8866,0.9111,0.8151,0.1348,0.8267,1681.0000,1.8029,361.0000,57.3049,68921.0000,2.4207,6859.0000,433.7981,6.4031,1.1588,4.3589,2.7514,3.7377,0.8513,2.9957,2.1483,1.6232,0.3697,1.3010,0.9330,0.0244,0.7448,0.0526,0.1321,55.0511,779.0000,310.3700,25.5115,10.1643,143.8300,30.5353,2.1579,5.4161,0.0327,0.0707,0.1774,0.4634,14.1505,2.5099,0.1846,5.6379,0.3984
41,1.34239,18.84,7.56,17.0714,0.0040,-7.4460,0.2460,0.9342,0.7406,-0.9441,0.8519,0.9111,0.7921,0.1266,0.8133,1681.0000,1.8020,354.9456,57.1536,68921.0000,2.4190,6687.1751,432.0812,6.4031,1.1586,4.3405,2.7495,3.7377,0.8512,2.9877,2.1471,1.6232,0.3697,1.2975,0.9325,0.0244,0.7449,0.0531,0.1323,55.0380,772.4400,309.9600,25.2906,10.1485,142.4304,30.5425,2.1762,5.4233,0.0327,0.0713,0.1776,0.4595,14.0347,2.4921,0.1844,5.6317,0.4013
42,1.34282,18.35,7.64,18.0714,0.0044,-7.9360,0.3260,0.9890,0.8203,-1.0063,1.1291,0.9333,0.8229,0.1018,0.9200,1764.0000,1.8032,336.7225,58.3696,74088.0000,2.4213,6178.8579,445.9437,6.4807,1.1588,4.2837,2.7641,3.7612,0.8514,2.9627,2.1564,1.6335,0.3697,1.2867,0.9365,0.0238,0.7447,0.0545,0.1309,56.3984,770.7000,320.8800,24.6407,10.2591,140.1940,31.2775,2.2888,5.4974,0.0320,0.0732,0.1758,0.4369,13.6653,2.4018,0.1819,5.6895,0.4163
42,1.34333,18.28,7.62,18.0714,0.0049,-8.0060,0.3060,0.9890,0.9148,-1.0151,1.0598,0.9333,0.8595,0.0983,0.8933,1764.0000,1.8045,334.1584,58.0644,74088.0000,2.4241,6108.4156,442.4507,6.4807,1.1590,4.2755,2.7604,3.7612,0.8516,2.9591,2.1541,1.6335,0.3698,1.2851,0.9355,0.0238,0.7444,0.0547,0.1312,56.4199,767.7600,320.0400,24.5561,10.2362,139.2936,31.2656,2.2976,5.5118,0.0320,0.0735,0.1763,0.4352,13.6080,2.3990,0.1814,5.6725,0.4168
42,1.34378,18.43,7.61,18.0714,0.0054,-7.8560,0.2960,0.9890,0.9983,-0.9961,1.0251,0.9333,0.8918,0.1059,0.8800,1764.0000,1.8057,339.6649,57.9121,74088.0000,2.4265,6260.0241,440.7111,6.4807,1.1592,4.2930,2.7586,3.7612,0.8518,2.9668,2.1529,1.6335,0.3699,1.2885,0.9350,0.0238,0.7442,0.0543,0.1314,56.4388,774.0600,319.6200,24.7659,10.2262,140.2523,31.2551,2.2789,5.5191,0.0320,0.0729,0.1766,0.4388,13.7150,2.4218,0.1812,5.6631,0.4129
42,1.34295,18.32,7.6,18.0714,0.0046,-7.9660,0.2860,0.9890,0.8444,-1.0101,0.9905,0.9333,0.8323,0.1003,0.8667,1764.0000,1.8035,335.6224,57.7600,74088.0000,2.4220,6148.6024,438.9760,6.4807,1.1589,4.2802,2.7568,3.7612,0.8514,2.9611,2.1518,1.6335,0.3698,1.2860,0.9345,0.0238,0.7446,0.0546,0.1316,56.4039,769.4400,319.2000,24.6028,10.2064,139.2320,31.2744,2.2926,5.5263,0.0320,0.0733,0.1767,0.4362,13.6416,2.4105,0.1810,5.6592,0.4148
42,1.34341,18.39,7.59,18.0714,0.0050,-7.8960,0.2760,0.9890,0.9297,-1.0012,0.9559,0.9333,0.8652,0.1039,0.8533,1764.0000,1.8048,338.1921,57.6081,74088.0000,2.4245,6219.3527,437.2455,6.4807,1.1591,4.2884,2.7550,3.7612,0.8516,2.9648,2.1506,1.6335,0.3698,1.2876,0.9340,0.0238,0.7444,0.0544,0.1318,56.4232,772.3800,318.7800,24.7053,10.1965,139.5801,31.2637,2.2838,5.5336,0.0320,0.0731,0.1770,0.4379,13.6890,2.4229,0.1807,5.6498,0.4127
42,1.34384,18.23,7.58,18.0714,0.0054,-8.0560,0.2660,0.9890,1.0094,-1.0215,0.9212,0.9333,0.8961,0.0957,0.8400,1764.0000,1.8059,332.3329,57.4564,74088.0000,2.4268,6058.4288,435.5195,6.4807,1.1592,4.2697,2.7532,3.7612,0.8518,2.9565,2.1494,1.6335,0.3699,1.2840,0.9335,0.0238,0.7441,0.0549,0.1319,56.4413,765.6600,318.3600,24.4982,10.1863,138.1834,31.2537,2.3039,5.5409,0.0320,0.0737,0.1773,0.4340,13.5656,2.4050,0.1805,5.6406,0.4158
43,1.3448,17.73,7.66,19.0714,0.0064,-8.5560,0.3460,1.0437,1.1873,-1.0849,1.1983,0.9556,0.9649,0.0704,0.9467,1849.0000,1.8085,314.3529,58.6756,79507.0000,2.4321,5573.4769,449.4551,6.5574,1.1597,4.2107,2.7677,3.7842,0.8522,2.9301,2.1587,1.6435,0.3701,1.2725,0.9375,0.0233,0.7436,0.0564,0.1305,57.8264,762.3900,329.3800,23.8433,10.3012,135.8118,31.9750,2.4253,5.6136,0.0313,0.0758,0.1756,0.4123,13.1841,2.3146,0.1781,5.6960,0.4320
43,1.3437,17.66,7.64,19.0714,0.0053,-8.6260,0.3260,1.0437,0.9834,-1.0937,1.1291,0.9556,0.8860,0.0669,0.9200,1849.0000,1.8055,311.8756,58.3696,79507.0000,2.4261,5507.7231,445.9437,6.5574,1.1592,4.2024,2.7641,3.7842,0.8517,2.9264,2.1564,1.6435,0.3699,1.2709,0.9365,0.0233,0.7442,0.0566,0.1309,57.7791,759.3800,328.5200,23.7297,10.2659,134.9224,32.0012,2.4349,5.6283,0.0312,0.0761,0.1759,0.4107,13.1428,2.3115,0.1777,5.6858,0.4326
43,1.34447,17.81,7.63,19.0714,0.0061,-8.4760,0.3160,1.0437,1.1262,-1.0747,1.0944,0.9556,0.9412,0.0745,0.9067,1849.0000,1.8076,317.1961,58.2169,79507.0000,2.4303,5649.2625,444.1949,6.5574,1.1595,4.2202,2.7622,3.7842,0.8521,2.9344,2.1552,1.6435,0.3700,1.2744,0.9360,0.0233,0.7438,0.0561,0.1311,57.8122,765.8300,328.0900,23.9450,10.2583,135.8903,31.9829,2.4144,5.6356,0.0313,0.0755,0.1762,0.4142,13.2469,2.3342,0.1774,5.6751,0.4284
43,1.34472,17.7,7.62,19.0714,0.0063,-8.5860,0.3060,1.0437,1.1725,-1.0887,1.0598,0.9556,0.9591,0.0689,0.8933,1849.0000,1.8083,313.2900,58.0644,79507.0000,2.4316,5545.2330,442.4507,6.5574,1.1596,4.2071,2.7604,3.7842,0.8522,2.9285,2.1541,1.6435,0.3701,1.2718,0.9355,0.0233,0.7436,0.0565,0.1312,57.8230,761.1000,327.6600,23.8015,10.2468,134.8740,31.9769,2.4294,5.6430,0.0313,0.0760,0.1765,0.4116,13.1626,2.3228,0.1772,5.6666,0.4305
43,1.34382,17.77,7.61,19.0714,0.0054,-8.5160,0.2960,1.0437,1.0057,-1.0798,1.0251,0.9556,0.8946,0.0724,0.8800,1849.0000,1.8059,315.7729,57.9121,79507.0000,2.4267,5611.2844,440.7111,6.5574,1.1592,4.2154,2.7586,3.7842,0.8518,2.9323,2.1529,1.6435,0.3699,1.2735,0.9350,0.0233,0.7441,0.0563,0.1314,57.7843,764.1100,327.2300,23.8797,10.2265,135.2297,31.9983,2.4198,5.6505,0.0313,0.0756,0.1766,0.4133,13.2235,2.3351,0.1770,5.6630,0.4282
43,1.34455,17.61,7.6,19.0714,0.0062,-8.6760,0.2860,1.0437,1.1410,-1.1001,0.9905,0.9556,0.9470,0.0643,0.8667,1849.0000,1.8078,310.1121,57.7600,79507.0000,2.4307,5461.0741,438.9760,6.5574,1.1595,4.1964,2.7568,3.7842,0.8521,2.9237,2.1518,1.6435,0.3701,1.2697,0.9345,0.0233,0.7437,0.0568,0.1316,57.8157,757.2300,326.8000,23.6775,10.2186,133.8360,31.9810,2.4418,5.6579,0.0313,0.0764,0.1769,0.4095,13.0973,2.3171,0.1767,5.6524,0.4316
44,1.34529,17.1,7.68,20.0714,0.0069,-9.1860,0.3660,1.0984,1.2782,-1.1647,1.2676,0.9778,1.0000,0.0385,0.9733,1936.0000,1.8098,292.4100,58.9824,85184.0000,2.4347,5000.2110,452.9848,6.6332,1.1599,4.1352,2.7713,3.8067,0.8524,2.8959,2.1610,1.6532,0.3702,1.2577,0.9385,0.0227,0.7433,0.0585,0.1302,59.1928,752.4000,337.9200,23.0045,10.3318,131.3280,32.7067,2.5731,5.7292,0.0306,0.0787,0.1752,0.3886,12.7110,2.2266,0.1745,5.7088,0.4491
44,1.34308,17.03,7.66,20.0714,0.0047,-9.2560,0.3460,1.0984,0.8685,-1.1736,1.1983,0.9778,0.8416,0.0350,0.9467,1936.0000,1.8039,290.0209,58.6756,85184.0000,2.4227,4939.0559,449.4551,6.6332,1.1589,4.1267,2.7677,3.8067,0.8515,2.8920,2.1587,1.6532,0.3698,1.2560,0.9375,0.0227,0.7446,0.0587,0.1305,59.0955,749.3200,337.0400,22.8727,10.2880,130.4498,32.7605,2.5837,5.7441,0.0305,0.0789,0.1753,0.3870,12.6798,2.2232,0.1741,5.7033,0.4498
44,1.34466,17.18,7.65,20.0714,0.0063,-9.1060,0.3360,1.0984,1.1614,-1.1546,1.1637,0.9778,0.9548,0.0426,0.9333,1936.0000,1.8081,295.1524,58.5225,85184.0000,2.4313,5070.7182,447.6971,6.6332,1.1596,4.1449,2.7659,3.8067,0.8521,2.9003,2.1576,1.6532,0.3701,1.2596,0.9370,0.0227,0.7437,0.0582,0.1307,59.1650,755.9200,336.6000,23.1013,10.2866,131.4270,32.7220,2.5611,5.7516,0.0306,0.0783,0.1758,0.3905,12.7765,2.2458,0.1739,5.6892,0.4453
44,1.34521,17.07,7.64,20.0714,0.0068,-9.2160,0.3260,1.0984,1.2633,-1.1686,1.1291,0.9778,0.9943,0.0370,0.9200,1936.0000,1.8096,291.3849,58.3696,85184.0000,2.4343,4973.9402,445.9437,6.6332,1.1598,4.1316,2.7641,3.8067,0.8524,2.8943,2.1564,1.6532,0.3702,1.2570,0.9365,0.0227,0.7434,0.0586,0.1309,59.1892,751.0800,336.1600,22.9627,10.2774,130.4148,32.7086,2.5776,5.7592,0.0306,0.0788,0.1761,0.3880,12.6895,2.2343,0.1736,5.6794,0.4476
44,1.34317,17.14,7.63,20.0714,0.0048,-9.1460,0.3160,1.0984,0.8852,-1.1597,1.0944,0.9778,0.8480,0.0405,0.9067,1936.0000,1.8041,293.7796,58.2169,85184.0000,2.4232,5035.3823,444.1949,6.6332,1.1590,4.1400,2.7622,3.8067,0.8515,2.8981,2.1552,1.6532,0.3698,1.2586,0.9360,0.0227,0.7445,0.0583,0.1311,59.0995,754.1600,335.7200,23.0219,10.2484,130.7782,32.7583,2.5671,5.7667,0.0305,0.0784,0.1760,0.3895,12.7609,2.2464,0.1734,5.6806,0.4452
44,1.34473,16.98,7.62,20.0714,0.0063,-9.3060,0.3060,1.0984,1.1743,-1.1800,1.0598,0.9778,0.9599,0.0324,0.8933,1936.0000,1.8083,288.3204,58.0644,85184.0000,2.4317,4895.6804,442.4507,6.6332,1.1596,4.1207,2.7604,3.8067,0.8522,2.8893,2.1541,1.6532,0.3701,1.2548,0.9355,0.0227,0.7436,0.0589,0.1312,59.1681,747.1200,335.2800,22.8335,10.2468,129.3876,32.7203,2.5913,5.7743,0.0306,0.0792,0.1765,0.3859,12.6271,2.2283,0.1732,5.6666,0.4488
45,1.34393,16.46,7.7,21.0714,0.0055,-9.8260,0.3860,1.1532,1.0261,-1.2459,1.3369,1.0000,0.9025,0.0061,1.0000,2025.0000,1.8061,270.9316,59.2900,91125.0000,2.4273,4459.5341,456.5330,6.7082,1.1593,4.0571,2.7749,3.8286,0.8518,2.8599,2.1633,1.6628,0.3699,1.2420,0.9395,0.0222,0.7441,0.0608,0.1299,60.4769,740.7000,346.5000,22.1211,10.3483,126.7420,33.4839,2.7339,5.8442,0.0299,0.0816,0.1745,0.3658,12.2477,2.1377,0.1711,5.7295,0.4678
45,1.34346,16.39,7.68,21.0714,0.0051,-9.8960,0.3660,1.1532,0.9389,-1.2548,1.2676,1.0000,0.8688,0.0025,0.9733,2025.0000,1.8049,268.6321,58.9824,91125.0000,2.4248,4402.8801,452.9848,6.7082,1.1591,4.0485,2.7713,3.8286,0.8516,2.8559,2.1610,1.6628,0.3699,1.2403,0.9385,0.0222,0.7443,0.0610,0.1302,60.4557,737.5500,345.6000,22.0193,10.3178,125.8752,33.4956,2.7456,5.8594,0.0299,0.0820,0.1749,0.3642,12.1998,2.1341,0.1707,5.7166,0.4686
45,1.3434,16.54,7.67,21.0714,0.0050,-9.7460,0.3560,1.1532,0.9278,-1.2358,1.2330,1.0000,0.8645,0.0101,0.9600,2025.0000,1.8047,273.5716,58.8289,91125.0000,2.4245,4524.8743,451.2177,6.7082,1.1591,4.0669,2.7695,3.8286,0.8516,2.8645,2.1599,1.6628,0.3698,1.2440,0.9380,0.0222,0.7444,0.0605,0.1304,60.4530,744.3000,345.1500,22.2198,10.3039,126.8618,33.4971,2.7207,5.8670,0.0299,0.0812,0.1751,0.3676,12.3120,2.1565,0.1704,5.7094,0.4637
45,1.34401,16.43,7.66,21.0714,0.0056,-9.8560,0.3460,1.1532,1.0409,-1.2497,1.1983,1.0000,0.9082,0.0046,0.9467,2025.0000,1.8064,269.9449,58.6756,91125.0000,2.4278,4435.1947,449.4551,6.7082,1.1593,4.0534,2.7677,3.8286,0.8519,2.8582,2.1587,1.6628,0.3700,1.2413,0.9375,0.0222,0.7440,0.0609,0.1305,60.4805,739.3500,344.7000,22.0821,10.2951,125.8538,33.4819,2.7389,5.8747,0.0299,0.0818,0.1755,0.3651,12.2246,2.1449,0.1702,5.6994,0.4662
45,1.34352,16.5,7.65,21.0714,0.0051,-9.7860,0.3360,1.1532,0.9501,-1.2408,1.1637,1.0000,0.8731,0.0081,0.9333,2025.0000,1.8050,272.2500,58.5225,91125.0000,2.4251,4492.1250,447.6971,6.7082,1.1591,4.0620,2.7659,3.8286,0.8517,2.8622,2.1576,1.6628,0.3699,1.2430,0.9370,0.0222,0.7443,0.0606,0.1307,60.4584,742.5000,344.2500,22.1681,10.2779,126.2250,33.4941,2.7273,5.8824,0.0299,0.0814,0.1756,0.3667,12.2812,2.1569,0.1700,5.6940,0.4636
45,1.34347,16.34,7.64,21.0714,0.0051,-9.9460,0.3260,1.1532,0.9408,-1.2611,1.1291,1.0000,0.8695,0.0000,0.9200,2025.0000,1.8049,266.9956,58.3696,91125.0000,2.4248,4362.7081,445.9437,6.7082,1.1591,4.0423,2.7641,3.8286,0.8516,2.8530,2.1564,1.6628,0.3699,1.2390,0.9365,0.0222,0.7443,0.0612,0.1309,60.4562,735.3000,343.8000,21.9523,10.2641,124.8376,33.4954,2.7540,5.8901,0.0299,0.0822,0.1758,0.3631,12.1625,2.1387,0.1698,5.6868,0.4676
